{
  "Delete" : {
    "transaction" : "Delete",
    "sampleCount" : 500,
    "errorCount" : 0,
    "errorPct" : 0.0,
    "meanResTime" : 460.6800000000002,
    "medianResTime" : 423.5,
    "minResTime" : 254.0,
    "maxResTime" : 1341.0,
    "pct1ResTime" : 683.9000000000001,
    "pct2ResTime" : 729.5999999999999,
    "pct3ResTime" : 899.97,
    "throughput" : 17.050298380221655,
    "receivedKBytesPerSec" : 4.129369138959932,
    "sentKBytesPerSec" : 4.030097772804774
  },
  "Create " : {
    "transaction" : "Create ",
    "sampleCount" : 500,
    "errorCount" : 0,
    "errorPct" : 0.0,
    "meanResTime" : 1163.392000000001,
    "medianResTime" : 1079.0,
    "minResTime" : 1012.0,
    "maxResTime" : 2226.0,
    "pct1ResTime" : 1375.8000000000002,
    "pct2ResTime" : 1639.95,
    "pct3ResTime" : 2202.4200000000005,
    "throughput" : 16.239566078794375,
    "receivedKBytesPerSec" : 7.026118043375881,
    "sentKBytesPerSec" : 6.454593158270811
  },
  "Total" : {
    "transaction" : "Total",
    "sampleCount" : 3000,
    "errorCount" : 0,
    "errorPct" : 0.0,
    "meanResTime" : 520.6993333333323,
    "medianResTime" : 375.0,
    "minResTime" : 252.0,
    "maxResTime" : 2226.0,
    "pct1ResTime" : 1063.9,
    "pct2ResTime" : 1180.9499999999998,
    "pct3ResTime" : 1555.9199999999983,
    "throughput" : 91.98221677142419,
    "receivedKBytesPerSec" : 33.31118613942971,
    "sentKBytesPerSec" : 27.09990131074659
  },
  "Get" : {
    "transaction" : "Get",
    "sampleCount" : 500,
    "errorCount" : 0,
    "errorPct" : 0.0,
    "meanResTime" : 391.2159999999997,
    "medianResTime" : 342.0,
    "minResTime" : 254.0,
    "maxResTime" : 1335.0,
    "pct1ResTime" : 607.8000000000001,
    "pct2ResTime" : 672.9,
    "pct3ResTime" : 1298.91,
    "throughput" : 17.23068440278448,
    "receivedKBytesPerSec" : 6.9831386983941,
    "sentKBytesPerSec" : 3.1809122247398167
  },
  "Permission" : {
    "transaction" : "Permission",
    "sampleCount" : 500,
    "errorCount" : 0,
    "errorPct" : 0.0,
    "meanResTime" : 274.0920000000001,
    "medianResTime" : 264.0,
    "minResTime" : 252.0,
    "maxResTime" : 479.0,
    "pct1ResTime" : 299.0,
    "pct2ResTime" : 321.9,
    "pct3ResTime" : 443.96000000000004,
    "throughput" : 17.236030197524904,
    "receivedKBytesPerSec" : 4.561488460477783,
    "sentKBytesPerSec" : 4.309007549381226
  },
  "Update" : {
    "transaction" : "Update",
    "sampleCount" : 500,
    "errorCount" : 0,
    "errorPct" : 0.0,
    "meanResTime" : 389.0740000000003,
    "medianResTime" : 332.5,
    "minResTime" : 254.0,
    "maxResTime" : 1468.0,
    "pct1ResTime" : 607.4000000000005,
    "pct2ResTime" : 672.8,
    "pct3ResTime" : 1348.660000000004,
    "throughput" : 17.131501404783112,
    "receivedKBytesPerSec" : 7.093512300418008,
    "sentKBytesPerSec" : 7.495667603902556
  },
  "Patch" : {
    "transaction" : "Patch",
    "sampleCount" : 500,
    "errorCount" : 0,
    "errorPct" : 0.0,
    "meanResTime" : 445.74200000000013,
    "medianResTime" : 411.0,
    "minResTime" : 254.0,
    "maxResTime" : 1329.0,
    "pct1ResTime" : 648.8000000000001,
    "pct2ResTime" : 717.9,
    "pct3ResTime" : 1302.0000000000036,
    "throughput" : 17.05960626428742,
    "receivedKBytesPerSec" : 7.0637432188065095,
    "sentKBytesPerSec" : 4.465451898307687
  }
}