{
  "Delete" : {
    "transaction" : "Delete",
    "sampleCount" : 200,
    "errorCount" : 0,
    "errorPct" : 0.0,
    "meanResTime" : 125.62000000000005,
    "medianResTime" : 95.0,
    "minResTime" : 88.0,
    "maxResTime" : 472.0,
    "pct1ResTime" : 187.90000000000006,
    "pct2ResTime" : 392.84999999999997,
    "pct3ResTime" : 466.93000000000006,
    "throughput" : 3.1355825912454534,
    "receivedKBytesPerSec" : 1.0227388530038881,
    "sentKBytesPerSec" : 0.6767224147121536
  },
  "Post" : {
    "transaction" : "Post",
    "sampleCount" : 400,
    "errorCount" : 0,
    "errorPct" : 0.0,
    "meanResTime" : 365.68249999999995,
    "medianResTime" : 360.5,
    "minResTime" : 88.0,
    "maxResTime" : 3410.0,
    "pct1ResTime" : 581.200000000002,
    "pct2ResTime" : 1360.9999999999986,
    "pct3ResTime" : 2706.2700000000004,
    "throughput" : 5.936743992757172,
    "receivedKBytesPerSec" : 2.3329548659037953,
    "sentKBytesPerSec" : 2.6083409397865744
  },
  "Total" : {
    "transaction" : "Total",
    "sampleCount" : 1400,
    "errorCount" : 0,
    "errorPct" : 0.0,
    "meanResTime" : 204.8521428571425,
    "medianResTime" : 102.0,
    "minResTime" : 87.0,
    "maxResTime" : 3410.0,
    "pct1ResTime" : 395.9000000000001,
    "pct2ResTime" : 572.8000000000002,
    "pct3ResTime" : 1973.0700000000018,
    "throughput" : 20.70760856703349,
    "receivedKBytesPerSec" : 8.99486747130517,
    "sentKBytesPerSec" : 5.941881877884274
  },
  "Get" : {
    "transaction" : "Get",
    "sampleCount" : 600,
    "errorCount" : 0,
    "errorPct" : 0.0,
    "meanResTime" : 156.97333333333336,
    "medianResTime" : 102.0,
    "minResTime" : 87.0,
    "maxResTime" : 1111.0,
    "pct1ResTime" : 189.0,
    "pct2ResTime" : 568.4999999999993,
    "pct3ResTime" : 967.99,
    "throughput" : 9.262832883056735,
    "receivedKBytesPerSec" : 4.9474141258201465,
    "sentKBytesPerSec" : 1.8121622925511385
  },
  "Update" : {
    "transaction" : "Update",
    "sampleCount" : 200,
    "errorCount" : 0,
    "errorPct" : 0.0,
    "meanResTime" : 106.05999999999996,
    "medianResTime" : 96.0,
    "minResTime" : 88.0,
    "maxResTime" : 941.0,
    "pct1ResTime" : 113.9,
    "pct2ResTime" : 133.64999999999992,
    "pct3ResTime" : 424.4700000000023,
    "throughput" : 3.1126466834749587,
    "receivedKBytesPerSec" : 1.0152578049615588,
    "sentKBytesPerSec" : 1.0182974989883897
  }
}