{
  "Delete Order" : {
    "transaction" : "Delete Order",
    "sampleCount" : 95,
    "errorCount" : 7,
    "errorPct" : 7.368421,
    "meanResTime" : 4671.484210526319,
    "medianResTime" : 4811.0,
    "minResTime" : 1901.0,
    "maxResTime" : 8011.0,
    "pct1ResTime" : 7174.200000000001,
    "pct2ResTime" : 7791.799999999999,
    "pct3ResTime" : 8011.0,
    "throughput" : 1.5548535982585638,
    "receivedKBytesPerSec" : 0.2006541125877674,
    "sentKBytesPerSec" : 0.6384521688161836
  },
  "Get Single Book" : {
    "transaction" : "Get Single Book",
    "sampleCount" : 95,
    "errorCount" : 0,
    "errorPct" : 0.0,
    "meanResTime" : 4292.81052631579,
    "medianResTime" : 4295.0,
    "minResTime" : 262.0,
    "maxResTime" : 7299.0,
    "pct1ResTime" : 6901.0,
    "pct2ResTime" : 7191.8,
    "pct3ResTime" : 7299.0,
    "throughput" : 2.5136265015610944,
    "receivedKBytesPerSec" : 0.9180628042811029,
    "sentKBytesPerSec" : 0.4492125486188284
  },
  "Total" : {
    "transaction" : "Total",
    "sampleCount" : 855,
    "errorCount" : 42,
    "errorPct" : 4.9122806,
    "meanResTime" : 4667.4842105263115,
    "medianResTime" : 4881.0,
    "minResTime" : 262.0,
    "maxResTime" : 8204.0,
    "pct1ResTime" : 7187.4,
    "pct2ResTime" : 7532.7999999999965,
    "pct3ResTime" : 7906.32,
    "throughput" : 12.695065999495167,
    "receivedKBytesPerSec" : 3.902682992694769,
    "sentKBytesPerSec" : 3.9293485473058247
  },
  "Permission" : {
    "transaction" : "Permission",
    "sampleCount" : 95,
    "errorCount" : 7,
    "errorPct" : 7.368421,
    "meanResTime" : 5074.3263157894735,
    "medianResTime" : 5306.0,
    "minResTime" : 339.0,
    "maxResTime" : 8087.0,
    "pct1ResTime" : 7501.6,
    "pct2ResTime" : 7737.199999999999,
    "pct3ResTime" : 8087.0,
    "throughput" : 2.1099857853589197,
    "receivedKBytesPerSec" : 0.6136701051106077,
    "sentKBytesPerSec" : 0.5851046108742004
  },
  "Update Order" : {
    "transaction" : "Update Order",
    "sampleCount" : 95,
    "errorCount" : 7,
    "errorPct" : 7.368421,
    "meanResTime" : 5458.5263157894715,
    "medianResTime" : 5320.0,
    "minResTime" : 1204.0,
    "maxResTime" : 7718.0,
    "pct1ResTime" : 7352.8,
    "pct2ResTime" : 7605.0,
    "pct3ResTime" : 7718.0,
    "throughput" : 1.6182883619514854,
    "receivedKBytesPerSec" : 0.20872393171674844,
    "sentKBytesPerSec" : 0.7198122679033797
  },
  "Get Order" : {
    "transaction" : "Get Order",
    "sampleCount" : 95,
    "errorCount" : 7,
    "errorPct" : 7.368421,
    "meanResTime" : 5041.189473684211,
    "medianResTime" : 4990.0,
    "minResTime" : 1103.0,
    "maxResTime" : 7523.0,
    "pct1ResTime" : 6940.400000000001,
    "pct2ResTime" : 7310.5999999999985,
    "pct3ResTime" : 7523.0,
    "throughput" : 1.5835444725963463,
    "receivedKBytesPerSec" : 0.6006171916672223,
    "sentKBytesPerSec" : 0.6162117188541806
  },
  "Get all book order" : {
    "transaction" : "Get all book order",
    "sampleCount" : 95,
    "errorCount" : 7,
    "errorPct" : 7.368421,
    "meanResTime" : 5405.6631578947345,
    "medianResTime" : 5330.0,
    "minResTime" : 595.0,
    "maxResTime" : 8204.0,
    "pct1ResTime" : 7532.0,
    "pct2ResTime" : 7636.599999999999,
    "pct3ResTime" : 8204.0,
    "throughput" : 1.7487022788351803,
    "receivedKBytesPerSec" : 0.6585136778430217,
    "sentKBytesPerSec" : 0.5815945058535508
  },
  "Book List" : {
    "transaction" : "Book List",
    "sampleCount" : 95,
    "errorCount" : 0,
    "errorPct" : 0.0,
    "meanResTime" : 3510.6210526315786,
    "medianResTime" : 3796.0,
    "minResTime" : 265.0,
    "maxResTime" : 6683.0,
    "pct1ResTime" : 6036.0,
    "pct2ResTime" : 6218.5999999999985,
    "pct3ResTime" : 6683.0,
    "throughput" : 3.0465317641022356,
    "receivedKBytesPerSec" : 1.8773061944809672,
    "sentKBytesPerSec" : 0.5384982903344772
  },
  "Get Book" : {
    "transaction" : "Get Book",
    "sampleCount" : 95,
    "errorCount" : 0,
    "errorPct" : 0.0,
    "meanResTime" : 3082.36842105263,
    "medianResTime" : 3206.0,
    "minResTime" : 513.0,
    "maxResTime" : 5555.0,
    "pct1ResTime" : 4758.0,
    "pct2ResTime" : 4988.799999999999,
    "pct3ResTime" : 5555.0,
    "throughput" : 3.7747844399411927,
    "receivedKBytesPerSec" : 0.833106722096396,
    "sentKBytesPerSec" : 0.674595266122303
  },
  "order" : {
    "transaction" : "order",
    "sampleCount" : 95,
    "errorCount" : 7,
    "errorPct" : 7.368421,
    "meanResTime" : 5470.368421052631,
    "medianResTime" : 6198.0,
    "minResTime" : 813.0,
    "maxResTime" : 8007.0,
    "pct1ResTime" : 7610.6,
    "pct2ResTime" : 7712.4,
    "pct3ResTime" : 8007.0,
    "throughput" : 1.887692246552478,
    "receivedKBytesPerSec" : 0.4905710082760402,
    "sentKBytesPerSec" : 0.7494883360489608
  }
}